Type of Hemp Business,Name of Primary Contact,Name of Hemp Company,Company town,Company state,Company zip code,Title,Phone Number,Email ,Username,Password
Hemp Seed,Paige Roberts,Fry and Sons,East Kyleshire,MA,36376,Founder,(687) 575-1447,gemmell@live.com,emptysauces,TJ$k9Zfb
Hemp Protein,Joseph Simpson,Diaz-Moyer,West Rick,MA,02749,Chief Financial Officer,(298) 488-7173,khris@yahoo.com,resignedbutternut,pW?82Z8W
Hemp Plastics,Mr. Nicholas Ward MD,Davis-Williams,Michaelfurt,VT,85285,Chief Marketing Officer,(963) 548-9298,manuals@live.com,indignantsaveloy,*KbPU8%X
Hemp Fiber,Melanie Weber,Fisher PLC,Robertchester,NE,73890,Chief Cultivator,(708) 949-1787,nimaclea@icloud.com,loathsomesourdough,YV5jU*pM
Hemp Protein,Ryan Harris,Gutierrez-Davis,East Carmenfort,NE,57288,Chief Cultivator,(897) 498-0606,scottzed@comcast.net,shycabbage,x?2N]3WP
Hemp Oil,Amy Sanchez,"Sanchez, Rios and Bailey",Reillymouth,MN,04493,Chief Marketing Officer,(451) 459-2523,jrkorson@me.com,homesicktapioca,Cb4Xp/mB
Hemp Protein,Stacy Griffith,Sharp-Lewis,East Matthew,NV,68613,Chief Cultivator,(546) 656-9100,kronvold@att.net,devastatedavocados,A6a>N*YM
Hemp Seed,Austin Moss,Craig-Gomez,South Patriciaport,NM,23302,Founder,(853) 382-8090,empathy@comcast.net,distressednachos,>4)XW7wk
Hemp Textiles,Kurt Boyd,"George, Berry and Clark",Martinezside,IL,03301,Chief Marketing Officer,(980) 878-8219,cantu@verizon.net,satisfiedkumquats,H7=y9*q)
Hemp Seed,Thomas Brooks,Frey-Allen,East Nicole,CT,83793,Founder,(773) 674-3475,jdhedden@aol.com,ecstaticcrumble,F(Ma7Ngy
Hemp Protein,Debbie Meza,Coleman-Crosby,Hurstfort,PA,71111,Founder,(761) 358-7751,makarow@aol.com,perturbedpepper,ypHcH8)a
Hemp Oil,Ann Dillon,Pham-Wilson,Port Natalie,WY,40210,Founder,(566) 862-9499,skajan@comcast.net,exuberantcake,JbX8/]zt
Hemp Plastics,Jeff Benjamin,Swanson-Weaver,Lake Zachary,WV,01394,Chief Financial Officer,(855) 258-9104,jguyer@sbcglobal.net,gleefulpudding,6rM}(>$8
Hemp Seed,Patricia Griffin,Hayes PLC,New Christopher,OK,56021,Chief Cultivator,(236) 208-0535,horrocks@aol.com,cheerfulpineapple,rYvxRX3)
Hemp Seed,Mr. Colin Lynch,"Andrews, Clark and Walton",South Erinmouth,IA,64894,Chief Financial Officer,(495) 203-3223,helger@yahoo.com,dopeyleeks,er(5tR%U
Hemp Seed,Kimberly Torres,"Wright, Sheppard and Garcia",Lake Jamesmouth,VA,21092,Chief Cultivator,(543) 941-3449,slanglois@msn.com,adoringcress,T9(k9N[C
Hemp Paper,Tanya Hurst,Heath Ltd,North Ashleymouth,PA,98431,Chief Cultivator,(437) 652-7407,dimensio@me.com,dispiritedcornetto,.t8N)a8]
Hemp Protein,Steven Ross,Holloway-Garcia,Port Lauren,VT,32798,Chief Marketing Officer,(918) 675-1538,bonmots@live.com,miserablecheeseburger,9T*%(n2k
Hemp Fiber,Anna Moore,Orozco-Moore,North Jennifer,ME,73919,Chief Cultivator,(668) 499-5420,rafasgj@mac.com,submissivebasil,{M3&z%T)
Hemp Concrete,Jennifer Dawson,"Johnson, Gibson and Wallace",Port Anthony,AZ,66913,Founder,(797) 718-9059,munson@optonline.net,spiritedbroth,n$}Grkk2
Hemp Plastics,Shannon Foster,Miller-Phillips,Jenniferview,SC,83041,Chief Marketing Officer,(826) 743-7896,library@hotmail.com,optimistictortilla,.m}+&M58
Hemp Plastics,Erika Williams,"Mack, Bell and Hudson",East Michaelfort,LA,00852,Founder,(745) 341-1067,amcuri@icloud.com,thrilledchutney,drJ-4JsN
Hemp Protein,Tammy Robinson,Mccormick-Torres,Jacksonmouth,OH,02850,Founder,(427) 841-2832,webdragon@comcast.net,acceptingrapeseed,dfT7nD*6
Hemp Plastics,Gary Simmons,Wells-Webb,Ruthborough,KY,38580,Founder,(227) 439-4251,dhrakar@yahoo.ca,uneasinessfritter,bF4+wu{y
Hemp Textiles,Chad Moore,Johnson-Aguirre,Sierraberg,VT,03859,Chief Financial Officer,(384) 646-1956,arebenti@me.com,despairingcroissant,[TEQLX4y
Hemp Plastics,Julie Munoz,"Gonzales, Hoffman and Hicks",South Fernando,WV,49305,Chief Cultivator,(342) 258-0817,rgiersig@optonline.net,boastfulpeppermint,3My%RmBp
Hemp Concrete,Kimberly Hill,"Soto, Bell and Costa",Port Nicoleview,NM,61785,Chief Cultivator,(689) 306-8342,parsimony@aol.com,exhaustedtangerines,[qRq[6n%
Hemp Seed,Pamela Evans,Bowers-Edwards,South Caitlyn,PA,49071,Chief Marketing Officer,(978) 343-1619,pjacklam@verizon.net,hopelesspulses,9Yz}(P$J
Hemp Fiber,Jennifer Alexander,Rodriguez-Anderson,Lake Lisa,ID,22313,Chief Cultivator,(545) 872-0515,fraterk@comcast.net,playfulpaprika,SA?3hspt
Hemp Oil,Henry Bowers,Gibson PLC,Lake Cheryl,AZ,19567,Founder,(863) 890-7994,shang@hotmail.com,boredgrilled,9xeSL-yt
Hemp Seed,Lindsay Saunders,Miller-Stout,East Michael,IN,58634,Chief Marketing Officer,(497) 483-8712,mbswan@outlook.com,jubilantcanape,n%Jd8_R=
Hemp Textiles,Kimberly Rosales,"Evans, Owens and Frazier",South Davidbury,CT,75661,Founder,(385) 533-4146,solomon@live.com,passionategreens,&3BW]gw@
Hemp Fiber,William Montgomery,Gross Group,West Joelland,VA,10837,Founder,(658) 936-5213,simone@yahoo.com,pitifulfrankfurter,2p*k+JNM
Hemp Concrete,Erica Wilson,"Holland, Escobar and Singh",Jamestown,MS,05506,Founder,(214) 771-0679,pspoole@outlook.com,crushedporridge,7}$twPWz
Hemp Oil,Kevin Clark,Jackson Group,Hamptonburgh,AK,17771,Chief Financial Officer,(816) 513-2258,manuals@comcast.net,infatuatedceleriac,7PfPy/}7
Hemp Textiles,Lauren Warner,Benjamin-Smith,South Kristin,KY,97757,Chief Cultivator,(293) 530-7729,lstaf@me.com,enragedblackberries,%_v^k.M6
Hemp Oil,Denise Harris,Sherman-Allison,West Erinville,WA,47832,Chief Cultivator,(944) 674-8297,earmstro@comcast.net,angrybovril,jjT*>57e
Hemp Seed,Theresa Ritter,"Martinez, Williams and Mann",New Warren,ND,34728,Chief Marketing Officer,(442) 531-8538,dkeeler@me.com,peacefulsalsa,^N6Rq}9v
Hemp Oil,Heather Williams,Oneal PLC,East Samantha,ME,87214,Chief Cultivator,(741) 477-4747,sakusha@att.net,shockedsesame,Txy84@T%
Hemp Protein,John Kline Jr.,Craig Ltd,Alvarezmouth,NM,78832,Founder,(762) 442-4055,curly@att.net,surprisedcashews,x%5dWJ!K
Hemp Fiber,Carl Wolf,"Washington, Weber and Booker",Emilyshire,MO,91312,Chief Marketing Officer,(213) 624-7244,dcoppit@gmail.com,affectedmustard,[mj-J@5b
Hemp Concrete,Charles Austin,Blevins-Mcdaniel,South Meganberg,DC,94313,Founder,(599) 581-7260,notaprguy@me.com,horrifiedcurry,wW%2HuRN
Hemp Seed,Scott Simon,Mckinney PLC,Robertfort,NY,93815,Founder,(435) 923-9444,snunez@gmail.com,confidentwatercress,Qa4tQVC.
Hemp Fiber,Tina Hogan,"Davis, Wilcox and Banks",Jessicaview,MN,43705,Founder,(589) 477-9183,jamuir@outlook.com,fulfilledminced,Sx$Q4gY^
Hemp Plastics,Rachel Gardner,"Payne, Byrd and Lindsey",New Danielchester,ID,02263,Chief Financial Officer,(999) 411-1397,raines@comcast.net,delightedsausages,yM64y4>m
Hemp Textiles,Brittany Johnson,Wilson-Roberts,Marymouth,SD,60733,Chief Cultivator,(978) 405-9918,willg@yahoo.com,awedbiryani,)nc{_D_5
Hemp Paper,Zachary Carlson,Jackson-Chang,Harmonview,VA,02671,Founder,(880) 380-8394,amimojo@yahoo.com,resentfuljuices,)J2!}h/2
Hemp Protein,Alan Norman,"Williams, Jones and Peterson",Stewartfurt,AK,42367,Chief Financial Officer,(440) 475-3385,fviegas@comcast.net,ashamedcookies,w}9M-fU$
Hemp Plastics,Christina Wade,Evans-Ellis,North Heather,ID,09793,Chief Marketing Officer,(495) 687-5593,tmaek@aol.com,amazedgravy,X9Gx{ftd
Hemp Plastics,Richard Robinson,Rodriguez-Smith,Gonzalezmouth,DC,40931,Chief Cultivator,(224) 405-3044,ideguy@hotmail.com,annoyedbattenburg,KmJ!u5VT
Hemp Protein,Keith Hall,"Moon, Gonzales and Adkins",Lake Teresafurt,NM,19282,Chief Cultivator,(778) 554-4891,rgarcia@msn.com,pleasedpickles,.^3-qpGk
Hemp Oil,Steven Garcia,Dickerson Group,Evansfort,ND,41673,Chief Marketing Officer,(846) 681-3748,lushe@outlook.com,cowardlycherry,w4y)F%C?
Hemp Protein,Jennifer Gilbert,"Stout, Smith and Rodriguez",West Kenneth,HI,37796,Chief Cultivator,(674) 335-5118,moonlapse@aol.com,pridefulcollards,*Rn!83*]
Hemp Oil,Kimberly Allen,Wood-Matthews,North Richard,RI,63920,Founder,(830) 951-5823,avalon@hotmail.com,upsetshortcake,Gs7yxkH_
Hemp Protein,Vanessa Ray,"Hudson, York and Winters",Jasonborough,RI,76701,Chief Marketing Officer,(766) 383-0124,sekiya@live.com,agitatedcatnip,9_T/3-dc
Hemp Plastics,Frederick Stein,Gonzales and Sons,Lake Kennethfurt,DE,33468,Founder,(949) 676-6366,kjohnson@gmail.com,yearningmacaroni,!R7Qc%H_
Hemp Fiber,Morgan Douglas,Hayes-Wilson,Gordonshire,SC,08311,Founder,(652) 260-2112,shang@sbcglobal.net,zestygrits,.3&QxxvW
Hemp Oil,Adam Roberts,Atkins Group,Pagefurt,KS,77899,Founder,(862) 488-4362,mcast@live.com,panickysardines,X%CWZu7(
Hemp Oil,Amanda Kelley,"Gordon, Smith and Jones",Sarahview,OK,52911,Chief Financial Officer,(323) 595-6975,andersbr@outlook.com,threatenedcatfish,gdM4%[[U
Hemp Paper,Stephen Gardner,"Nguyen, Davidson and Thomas",Rileyshire,NM,92928,Chief Cultivator,(859) 933-3801,aprakash@icloud.com,lazyclementine,43Jp^c$c
Hemp Fiber,Lisa Diaz,Duarte-Ballard,New Davidside,MA,68920,Chief Financial Officer,(369) 674-9899,oechslin@verizon.net,selfishsambar,?5hK{L@R
Hemp Concrete,Deborah Contreras,Ramos-Perkins,Lake Kelsey,ND,05744,Chief Cultivator,(663) 568-8021,jipsen@sbcglobal.net,iraterolls,p}PQP7_m
Hemp Seed,Matthew Porter,Mack-Walsh,Port Christinachester,MO,52450,Chief Cultivator,(620) 713-4326,amcuri@aol.com,stresseddairy,Be^&p2^4
Hemp Protein,Mark Patel,Parker and Sons,Georgestad,AR,33700,Chief Marketing Officer,(439) 557-9813,nogin@comcast.net,bubblyjello,sv+Mv3.-
Hemp Paper,Benjamin Ruiz,"Taylor, King and Cunningham",West Michael,VT,79700,Chief Cultivator,(654) 855-8655,wortmanj@mac.com,merrycoconut,R+(^._vN9
Hemp Paper,Donna Bennett,Thompson PLC,Adambury,AR,01343,Founder,(646) 657-9272,sjmuir@comcast.net,fascinatedgherkins,fZMQk]>9
Hemp Oil,Janet Smith,"Gardner, Everett and Howard",South Paul,WV,03032,Chief Marketing Officer,(494) 945-9657,mgemmons@sbcglobal.net,irritablesoy,w-zJ6C+$
Hemp Paper,Andrew Mckenzie,Brown Group,Annhaven,KS,00966,Founder,(755) 717-7602,rsteiner@yahoo.ca,insecurecelery,xsMa7B}S
Hemp Textiles,Matthew Farmer,"Stein, Sanders and Gould",South Travistown,CO,86257,Founder,(968) 873-2943,natepuri@msn.com,fearfulbuckwheat,JC6]awvz
Hemp Protein,Justin Vang,Rubio Group,East Jane,ME,78424,Founder,(200) 622-0565,amichalo@verizon.net,morbidchile,F6XRM]$e
Hemp Fiber,Jeremy Martin,Bailey Group,Evanschester,DE,69118,Chief Financial Officer,(299) 487-0895,gbacon@yahoo.ca,mourningtoast,c2RFMtk+
Hemp Plastics,Gilbert Cruz,"Mcdaniel, Webb and Jimenez",Kurtmouth,NV,43294,Chief Cultivator,(667) 884-3829,tkrotchko@icloud.com,breathlesssweets,?s@8T7Gf
Hemp Fiber,Lisa Clark,"Chan, Murphy and Andersen",Mayoburgh,MT,77635,Chief Cultivator,(545) 765-8127,rbarreira@icloud.com,concernedsyrup,xqt5g]Ed
Hemp Concrete,Cindy Robinson,Williams-Cooper,New Jennifer,AK,05327,Chief Marketing Officer,(842) 836-1786,srour@mac.com,wrathfulcordial,[eV]A]2v
Hemp Seed,Brooke Marquez,"Bernard, Gibson and Clark",South Dianefort,RI,77773,Chief Cultivator,(945) 832-3288,parrt@yahoo.ca,resolvedhaggis,Gx{Zz)2w
Hemp Plastics,Andrew Weber,Miller-Owens,Patriciaton,MI,11209,Founder,(290) 826-8206,leslie@aol.com,excitedshellfish,Ah6-+Xw[
Hemp Plastics,Leslie Preston,Gutierrez Inc,Roberttown,WI,07045,Chief Marketing Officer,(608) 240-3941,tristan@aol.com,depressedparsnips,ydtX4]my
Hemp Fiber,Caleb Smith,Jones-Kline,South Benjamin,MD,66458,Founder,(478) 657-3574,yzheng@verizon.net,joyfulparsley,g$86A3mC
Hemp Concrete,Randy Le,Rivera-Gutierrez,Lake Christie,AK,34742,Founder,(232) 650-7976,chinthaka@sbcglobal.net,regretfuljelly,5b2$euVm
Hemp Fiber,Tracy Herrera,"Armstrong, Thompson and Macias",Walkerfurt,MS,61009,Founder,(290) 908-0507,mglee@icloud.com,troubledmangoes,$fvK)NQ6
Hemp Seed,Melissa Preston,"Nolan, Henry and Ballard",Smithshire,TX,06217,Chief Financial Officer,(557) 306-1887,muzzy@msn.com,mildpeppercorn,h}LHLB}7
Hemp Protein,Tracie Lucero,Norris Inc,Michelleland,ND,94642,Chief Cultivator,(816) 287-1898,epeeist@msn.com,curiousescargot,.7dq*Dr%
Hemp Seed,Emily Flores,"Miller, Snow and Davis",Lake Christopherside,NJ,63554,Chief Cultivator,(397) 952-8011,helger@optonline.net,euphoricclam,v^C]D8pr
Hemp Fiber,John Lewis,Roman-Martinez,Rachelville,VT,86743,Chief Marketing Officer,(700) 553-5220,alfred@yahoo.com,dreadfuloiled,4Qy}uH74
Hemp Seed,Julie Johnson,Donaldson-Hall,Jadeville,KY,85582,Chief Cultivator,(704) 932-1365,lbecchi@mac.com,alertjellied,%P>g94Y2
Hemp Paper,Austin Odom,Robbins-Lopez,Port Steven,NC,42392,Founder,(787) 793-0071,amcuri@comcast.net,sorrymuffin,2SLpf{CY
Hemp Paper,Jodi Oneill,Terry Inc,Johnside,FL,93026,Chief Marketing Officer,(395) 283-8554,mjewell@comcast.net,ragefilledflapjack,n+974_N}
Hemp Concrete,Michael Christian,Parker-Hurst,South Shirley,IN,32181,Founder,(599) 293-7735,garyjb@hotmail.com,crummyoregano,b+3X{3>e
Hemp Fiber,Jeffery Gentry,Frank Inc,North Sandrafort,KS,61128,Founder,(831) 456-3162,gmcgath@aol.com,goofycauliflower,]yY*}x9%
Hemp Textiles,Matthew Roberson,Joseph LLC,New Judyberg,DE,24301,Founder,(518) 276-1505,fviegas@aol.com,calmcroutons,d8dU=pNR
Hemp Protein,Jose Moore,Sullivan Ltd,Annmouth,MS,60990,Chief Financial Officer,(450) 447-1680,bonmots@sbcglobal.net,astonishedgateau,m*3NP]S)
Hemp Fiber,Vincent Peterson,Lloyd-Johns,West Christopherhaven,VT,41698,Chief Cultivator,(500) 752-7518,jshearer@icloud.com,calamitouspears,xK&np_4$
Hemp Seed,Alyssa Fuentes,Hunter-Evans,East Cynthiafurt,NV,24729,Founder,(406) 920-6501,gregh@verizon.net,determinedrosemary,HWE{%b8$
Hemp Paper,Lisa Kemp,Barry-Turner,Port Mia,HI,37107,Chief Financial Officer,(344) 506-7575,xnormal@aol.com,hostileroast,_sSBe22@
Hemp Protein,Aaron Smith,Simmons-Coleman,South Kimberlyfurt,ID,93954,Chief Marketing Officer,(399) 967-1702,mkearl@hotmail.com,ardentpancake,G>GPk8R6
Hemp Seed,Andrew Morales MD,"Johnson, Smith and Perez",New Glenn,WY,98592,Chief Cultivator,(206) 430-5159,floxy@yahoo.ca,scornfulpastry,]]z/J[6@
Hemp Seed,Jesse Mckinney,Mcdonald PLC,New Rachelfurt,MA,55846,Chief Cultivator,(912) 757-2306,kingjoshi@sbcglobal.net,obsessedstrawberries,JfszB!H5
Hemp Textiles,Dominic Kelly,Dixon PLC,North Danielchester,KS,87867,Chief Marketing Officer,(938) 261-2656,sopwith@yahoo.ca,unhappypecans,w{ZL)hb5
Hemp Seed,Jonathan Williams,Moore LLC,Port Joseph,LA,47268,Chief Cultivator,(742) 451-0497,pgottsch@hotmail.com,collectedkebab,k_ApUX(8
Hemp Concrete,Timothy Buck,"Goodwin, Alvarez and Thomas",Josephhaven,MD,42233,Founder,(961) 793-6277,munjal@msn.com,needyparmesan,@c}3[XE!
Hemp Concrete,Jennifer Miller,Bradley and Sons,Lake Michelle,AK,76859,Chief Marketing Officer,(619) 272-3198,johnh@live.com,arousedfrybread,G-cU3cMa
Hemp Concrete,Alexis Curtis,"Sanders, Reilly and Villa",North Richard,MO,11140,Founder,(703) 491-1285,malattia@me.com,sinceresalt,9e9y&uxM
Hemp Oil,Zachary Moreno,Pierce PLC,Port Sarah,IN,51895,Founder,(519) 764-5437,mchugh@aol.com,amusedsamphire,-@D2+f/[
Hemp Plastics,Robert Bates,Smith-Davis,Jenningschester,ID,06841,Founder,(866) 782-1869,bockelboy@msn.com,gloomytoffee,(3HcqSSk
Hemp Plastics,Donald Miller,Good-Graves,Thomasburgh,CO,97879,Chief Financial Officer,(497) 424-8237,raides@icloud.com,kindbeets,9+Jf/^&]
Hemp Seed,Victoria Jacobs,Travis LLC,Keithberg,IA,08846,Chief Cultivator,(365) 311-3569,ntegrity@sbcglobal.net,aggravatedgarlic,fYeN>FL8
Hemp Paper,Christopher Lee,Murphy and Sons,Johnsonberg,PA,63087,Chief Financial Officer,(653) 646-0127,gfody@optonline.net,enviousapricots,h5+6gLHX
Hemp Textiles,William Melton,"Foster, Morgan and Hubbard",Lunafort,LA,28606,Chief Cultivator,(962) 218-2663,gommix@att.net,grudginglamb,WY[5]VDe
Hemp Oil,Angela Tate,"Stewart, Wilson and Richardson",Hillview,NE,04935,Chief Cultivator,(322) 249-9673,ralamosm@yahoo.ca,emotionalmayonnaise,jG&&av=6
Hemp Concrete,Ethan Baker,Stewart-Jarvis,Reedville,OK,09579,Chief Marketing Officer,(365) 219-5525,crimsane@hotmail.com,deliriousmince,5n)G2S)]
Hemp Plastics,Karen Anderson,"Osborn, Woods and Cook",Cherylstad,DC,35546,Chief Cultivator,(913) 766-3807,terjesa@gmail.com,cynicalloganberries,V4SDm{*C
Hemp Oil,Sean Reed,Pacheco-King,Cunninghambury,IL,35486,Founder,(201) 329-1992,hahsler@live.com,wornoutscone,Q{3QPdsw
Hemp Plastics,Rebecca Cortez,Murray Group,South Alicia,NH,79815,Chief Marketing Officer,(209) 824-1969,murdocj@yahoo.ca,puzzledwalnuts,4J!kKnv{
Hemp Oil,Michael Best,Phillips PLC,South Jorgeton,MD,42430,Founder,(330) 297-9848,chrisk@mac.com,sheepishorange,2D3$$!Wd
Hemp Oil,Tiffany Martinez,Martin Group,East Matthewshire,FL,52413,Founder,(597) 762-2237,roesch@optonline.net,loyalmazipan,8pn$.A(3
Hemp Plastics,Anthony Smith,Salazar-Lewis,Joannbury,NC,46026,Founder,(827) 893-0240,jyoliver@optonline.net,innocentpeppers,7FStveG?
Hemp Oil,Nathan Anderson,"Wright, Williams and Hall",Port Amymouth,OK,77335,Chief Financial Officer,(655) 532-2100,staffelb@verizon.net,disgustedprawn,u>f2}Wj8
Hemp Paper,Thomas Mitchell,"Bowers, Turner and Johnson",West Heatherland,MO,88319,Chief Cultivator,(918) 996-1608,mailarc@outlook.com,anxiousbuttermilk,Vg/Xd>7c
Hemp Fiber,Scott Perkins,Barker Ltd,West Crystalmouth,ID,00622,Chief Cultivator,(575) 547-7748,dimensio@live.com,insaneprunes,vbpN*96/
Hemp Concrete,Julia Morgan,Chase-Sullivan,Port Angela,MA,63022,Chief Marketing Officer,(671) 218-8551,spadkins@aol.com,agressivegoujon,&2W+-d!)
Hemp Seed,Laura Leonard,"Tanner, Madden and Day",New Jorge,OK,74673,Chief Cultivator,(373) 256-9390,shawnce@yahoo.ca,excludedcucumbers,EKYx(r7M
Hemp Paper,Richard Black,"Mullins, Moore and Huynh",West Douglasbury,OK,63248,Founder,(613) 544-7810,fhirsch@me.com,solemnspearmint,*DG8^anp
Hemp Seed,Douglas Richardson,Norris LLC,Erikaport,NM,93787,Chief Marketing Officer,(403) 208-5723,fukuchi@verizon.net,gratefullollies,.+PdC4]B
Hemp Paper,Andrew Barker,"Hill, Gonzalez and Martinez",West Jeffery,GA,13588,Founder,(370) 455-9588,irving@yahoo.com,distractedrye,q2%QunSM
Hemp Fiber,Jennifer Ingram,"Lee, Molina and Bullock",Kyleview,TN,64126,Founder,(237) 498-4694,dvdotnet@gmail.com,enigmaticpumpkins,A*c6mh8=
Hemp Paper,Christine Moss,"Ruiz, Johnson and King",West Kathleen,WV,32660,Founder,(574) 407-8652,barjam@optonline.net,grouchyveal,aa&e]V9n
Hemp Paper,Kimberly Long,Smith-Meyers,Vancefort,AZ,85977,Chief Financial Officer,(547) 931-6237,gerlo@comcast.net,contentbagel,5*nW3.Q5
Hemp Paper,Andrew Logan,Cross-Downs,New Tyler,NY,92180,Chief Cultivator,(548) 472-3584,drhyde@verizon.net,frustratedhummus,!3rd%ZE+
Hemp Protein,Robert Foster,"Mahoney, Bush and Smith",West Meganstad,ND,11852,Chief Cultivator,(410) 370-6071,okroeger@gmail.com,somberdough,rU)9HJer
Hemp Textiles,Kyle Jacobson,"Olson, Glass and Gillespie",West Kimberlyview,WY,08995,Chief Marketing Officer,(438) 870-0738,lbecchi@outlook.com,bewilderedartichoke,ktF5kzG+
Hemp Oil,Tony Davis,"Reynolds, Ford and Ramos",West Kerrymouth,UT,63205,Chief Cultivator,(207) 969-6461,wilsonpm@msn.com,relievedcanola,KSw[5${r
Hemp Textiles,Amanda Miranda,"Buckley, Griffin and Lee",Port Jennifer,IL,37565,Founder,(816) 559-8747,rande@aol.com,crankyrisotto,62$EwKH)
Hemp Concrete,Gary Leonard,Ryan-Hoffman,Greenville,IA,97434,Chief Marketing Officer,(550) 241-5960,neuffer@outlook.com,uncertainburger,4Y4{h.S7
Hemp Seed,Matthew Ross,"Ward, Howell and Phillips",Padillahaven,AK,52523,Founder,(393) 494-4031,ehood@yahoo.ca,expectantchickpeas,YH@m3gLt
Hemp Paper,Elizabeth Wells,Moore PLC,New Jeremiah,ME,90425,Founder,(927) 562-4563,rgarcia@hotmail.com,madplum,S}^xD5MF
Hemp Concrete,Scott Stevens,Medina-Harris,Whiteview,PA,22221,Founder,(796) 419-4767,neonatus@yahoo.ca,invidiousgranola,Ddu3G^9u
Hemp Concrete,Sylvia Grimes,"Anderson, Vincent and Coleman",Jenkinsport,WA,19002,Chief Financial Officer,(892) 994-1773,maratb@outlook.com,vengefulpretzel,[X5AjYva
Hemp Textiles,Cheryl Boyd,Phillips-Tran,Rayport,AR,86880,Chief Cultivator,(962) 669-9585,mstrout@msn.com,superiorpapaya,XS2xU%V/
Hemp Textiles,Keith Mason,"Clark, Thompson and Tucker",Hillland,AL,35139,Founder,(941) 265-5760,grolschie@verizon.net,cruelcherries,&%wD3G{%
Hemp Protein,Darius Hernandez,Perez-Barry,Danielport,MN,69733,Chief Financial Officer,(970) 514-4975,jrifkin@optonline.net,needfulpinto,b^t9$Z=(
Hemp Seed,Natasha Paul,"Olsen, Powell and Jimenez",Belindafurt,RI,23413,Chief Marketing Officer,(416) 373-7544,gward@yahoo.ca,mercifulmarmalade,e3^nL6@p
Hemp Fiber,Sharon Winters,Padilla Inc,New Johnchester,IN,60652,Chief Cultivator,(929) 450-0865,ardagna@gmail.com,scaredhumburger,5h>Ksfpg
Hemp Plastics,Jordan Murillo,Hale Ltd,Lihaven,OH,13165,Chief Cultivator,(993) 480-6191,stakasa@live.com,attractedcinnamon,eKDw.fS8
Hemp Plastics,Gregory Mills,Rodriguez PLC,Sullivanshire,ID,69527,Chief Marketing Officer,(965) 429-8956,campware@icloud.com,lovesickgatorade,EJ{8-cP%
Hemp Seed,Carmen Carpenter,"Douglas, Lee and Williams",Lake Brandonfort,MD,25267,Chief Cultivator,(550) 521-1463,johndo@aol.com,enchantedcurd,@v[)7Y]g
Hemp Oil,Alyssa Fitzpatrick,"Powell, Walsh and Alvarado",Port Melissaview,NJ,73039,Founder,(350) 346-0464,mastinfo@me.com,frazzledcandy,9)J42Gn/
Hemp Seed,Kimberly Morrison,Ray-Wilson,South Debra,MO,87618,Chief Marketing Officer,(757) 209-5130,jmgomez@mac.com,interestpeanuts,J@5G$v][
Hemp Plastics,Cynthia Erickson,Crawford-Bell,North Karen,SD,98540,Founder,(418) 778-0580,killmenow@live.com,hatefulcheesecake,*aNaL7)d
Hemp Fiber,Deborah Reese,"Martinez, Green and Watson",Paynestad,WI,53970,Founder,(876) 838-7822,naoya@me.com,wearymash,uQ@kLs4H
Hemp Protein,Michael Gomez,Rollins-Martinez,East Caitlyn,MO,72541,Founder,(275) 464-3739,gozer@yahoo.ca,sexysalami,ZaTmME8^
Hemp Seed,Amanda Smith,Owen Group,West Darrylville,VA,24151,Chief Financial Officer,(728) 428-7743,miturria@hotmail.com,pacifiedtabasco,pFFH5{}Z
Hemp Concrete,Austin Cohen,"Harrell, Curtis and Lane",Port Williamside,NV,86194,Chief Cultivator,(411) 976-2192,pemungkah@aol.com,tormentedbrioche,[/XbH5_J
Hemp Seed,Kimberly Valencia,Johnson-Hernandez,Liside,SD,75330,Chief Financial Officer,(663) 281-6411,maneesh@hotmail.com,empathicblueberries,L9vjTGt$
Hemp Protein,Annette Simpson,"Crane, Craig and Marshall",Richardsonfurt,DE,19224,Chief Cultivator,(983) 642-5432,kohlis@mac.com,cockyolives,S^ehw2X%
Hemp Plastics,Melissa Hernandez,Carpenter Ltd,Jamesfurt,HI,31399,Chief Cultivator,(498) 249-6297,policies@live.com,terrifiedrusk,?yE]Lj7X
Hemp Concrete,Joe Forbes,Garcia LLC,Mclaughlinton,VT,33601,Chief Marketing Officer,(779) 564-0644,afeldspar@yahoo.ca,mellowtrout,TzC2ng++
Hemp Paper,Timothy Doyle,Smith-Stout,New Jeffreytown,NH,59092,Chief Cultivator,(721) 390-0187,dkeeler@aol.com,liberateddonut,c/_%6A^2
Hemp Plastics,Shawn Combs,Thomas-Campbell,Patriciashire,KY,42780,Founder,(335) 624-9358,bastian@outlook.com,trustingpasanda,yY8]x}-g
Hemp Fiber,Zachary Wade MD,Lindsey-Welch,New Sandra,CA,52860,Chief Marketing Officer,(538) 819-9745,adamk@comcast.net,irritatedanchovies,V!dz4($L
Hemp Textiles,Sean Williams,Estrada-Smith,East Deborahmouth,SD,74351,Founder,(971) 342-7234,mdielmann@yahoo.com,possessiveomelette,Q2*+EpeM
Hemp Seed,Dawn Huffman,Esparza-Murray,Lauriehaven,TX,12109,Founder,(680) 895-7743,keiji@verizon.net,dejectedbasmati,-8+]cN8]
Hemp Paper,Taylor Bates,"Allen, King and Cox",Valenciachester,OR,67505,Founder,(781) 455-5817,ivoibs@live.com,enthralledchowder,-/Tw{LJ8
Hemp Concrete,Melody Powell,Hendricks Group,Davishaven,AL,93483,Chief Financial Officer,(679) 394-3596,paley@hotmail.com,outragedcurrants,ZA4Eb>t$
Hemp Oil,Kristina Perez,Bernard Ltd,New Matthewshire,SC,74799,Chief Cultivator,(731) 700-2925,starstuff@comcast.net,infuriatedhalibut,$XB)9f)H
Hemp Protein,Jill Barnes DVM,Tanner-Jenkins,Smithborough,WY,34944,Chief Cultivator,(275) 497-2735,debest@gmail.com,sadtacos,tjU>X>k2
Hemp Paper,Lonnie Gordon MD,Bailey PLC,Brownmouth,GA,90773,Chief Marketing Officer,(345) 428-1286,kdawson@verizon.net,abandonedlimes,@JDLmW7X
Hemp Seed,Taylor Lamb,"King, Walker and Rivas",Lake Denisetown,KS,72075,Chief Cultivator,(248) 829-1243,aaribaud@comcast.net,hopefulcranberries,VgTDw]w6
Hemp Concrete,Elizabeth Smith,Allen-Williams,Cassandratown,WY,70567,Founder,(593) 926-9180,barnett@msn.com,blissfulpear,%U=bU6G!!
Hemp Protein,Debra Richardson,Dunn PLC,West Janettown,HI,39040,Chief Marketing Officer,(459) 499-0219,dwendlan@comcast.net,worriedsauerkraut,E?}7ThgP
Hemp Textiles,John Johnson,Mendez-Wilson,Lake Kevinbury,UT,14839,Founder,(932) 507-6666,amimojo@comcast.net,drearycupcake,A&4*}SDz
Hemp Protein,Shannon Short,"Harrison, Arias and Lopez",Sharonville,MI,96500,Founder,(625) 885-1343,magusnet@att.net,confusedsaffron,D[x4T=8@
Hemp Seed,Darren Smith,Lane-Hayes,Chelseafurt,ID,43522,Founder,(250) 831-6837,telbij@gmail.com,ambitioustomatoe,aa_.T2hY
Hemp Fiber,Casey Crawford,Smith Ltd,Lake Mark,NV,07050,Chief Financial Officer,(813) 314-8894,torgox@me.com,courageouspastie,Dpnz&2SE
Hemp Seed,Linda Miller,Gutierrez-Hamilton,Danielleburgh,NM,80393,Chief Cultivator,(259) 526-3162,boein@hotmail.com,betrayedsafflower,d*Rn]9.}
Hemp Plastics,Kelly Diaz,Campbell-Williamson,Roseburgh,AZ,91885,Chief Cultivator,(843) 560-6825,pajas@icloud.com,humiliatedtreacle,*F44Y35m
Hemp Protein,Katie Smith,"Price, Alexander and Young",Gutierrezville,CO,48588,Chief Marketing Officer,(565) 679-2962,scarlet@gmail.com,proudlard,(h_V7p2X
Hemp Oil,Ashley Jones,Figueroa-Burton,Michaelshire,WV,49726,Chief Cultivator,(213) 499-3917,rddesign@verizon.net,petrifiedsausage,*-b37bF3
Hemp Textiles,Jesse Rodriguez,Nguyen and Sons,Port Andrea,KY,20348,Founder,(662) 254-6834,skippy@outlook.com,cautiouspesto,gmy(K3z.
Hemp Oil,Bailey Hayden,Stout-Smith,Port Dawn,LA,98524,Chief Marketing Officer,(897) 951-8624,amichalo@yahoo.ca,guiltyflatbread,shV5>T-B
Hemp Oil,Paul Hale,Smith LLC,North Caleb,ND,70535,Founder,(939) 407-1927,noodles@comcast.net,gayeggs,Gb8PeP]N
Hemp Protein,Michael Cardenas,Miller-Valdez,New Seanhaven,RI,80734,Founder,(352) 628-1114,fbriere@att.net,lustfulcrackers,A3FvsyT-
Hemp Textiles,Natalie Hendrix,Snyder-Saunders,Randyland,RI,21213,Founder,(396) 947-1468,andrewik@me.com,hurtabalone,49cWmkc+
Hemp Paper,Brianna Chambers,Hoffman-Dodson,New Sabrinaport,KS,36813,Chief Financial Officer,(419) 678-1991,arnold@verizon.net,eagerkidney,y/XN)9e2
Hemp Oil,Benjamin Rhodes MD,Kline-Nelson,Lisaborough,MI,76910,Chief Cultivator,(361) 522-0622,yangyan@aol.com,sensualguacamole,_Fa8Bz.K
Hemp Fiber,Mary Mendez,"Adams, Brown and Schneider",North Aaronchester,NV,64992,Chief Marketing Officer,(731) 569-9354,gommix@hotmail.com,offendedcheddar,@-&c8C?G
Hemp Fiber,Jeremy Smith,Russell-Wilson,Duncanfurt,TX,40346,Founder,(678) 385-0676,suresh@mac.com,patheticdoughnut,uK-9p_U-
Hemp Paper,Carla Yang,Johnson Inc,Nicoletown,AL,21222,Founder,(495) 417-5372,gfxguy@live.com,gratifiedcapers,8Fqsjm&Q
Hemp Oil,Megan Stanley,"Mills, Quinn and James",West Joshua,AL,17428,Founder,(677) 842-1158,moxfulder@icloud.com,hystericalcardamom,3eXMLar?
Hemp Fiber,Andrea Dickerson,"Miller, Jarvis and Dean",Karenton,HI,39967,Chief Financial Officer,(357) 712-8449,bmorrow@hotmail.com,jealousquiche,q3U{eB@)
Hemp Oil,Karen Marquez,"Wright, Richards and Mayer",Johnsonfurt,VA,48348,Chief Cultivator,(321) 994-2565,sherzodr@outlook.com,sensitivefennel,Ggb*b7(H
Hemp Textiles,Savannah Cherry,"Williams, Livingston and Weaver",West Annchester,WV,70090,Chief Cultivator,(229) 443-7253,jonadab@yahoo.com,giddyjerky,(br.G&8e
Hemp Oil,Erik Walker,Bailey-Campbell,Sandersport,CA,82416,Chief Marketing Officer,(920) 691-5693,fraser@att.net,shamefulchervil,f3Y=-z)U
Hemp Textiles,Caleb Ward,Martinez-Williams,Port Christina,IA,26343,Chief Cultivator,(238) 239-9457,webteam@icloud.com,leekssteer,xD%Qkb37
Hemp Concrete,Linda Burgess,Bryant Ltd,Lake Andrew,ND,90057,Founder,(414) 662-7201,martink@hotmail.com,eatablenap,f4s(B%DR
Hemp Protein,Wendy Hebert,Boyd Ltd,West Lisa,WI,60939,Chief Marketing Officer,(374) 271-7981,research@icloud.com,quickestoceanic,@DW44pX9
Hemp Seed,Jonathan Wright,Wilson-Colon,Turnerville,MD,36391,Founder,(702) 526-5474,madanm@icloud.com,lionarmor,%^3t+G^K
Hemp Textiles,Eric Stone,Ochoa Ltd,Boydton,MO,11001,Founder,(882) 252-6526,klaudon@comcast.net,pigeondelighted,_9]PwmQU
Hemp Textiles,Denise Anthony,"Rodriguez, Hunt and Lawrence",South Elizabeth,AL,12670,Founder,(621) 669-5326,kaiser@hotmail.com,olympicsunwritten,7p[&C3}Q
Hemp Seed,Brittany Keller,"Ruiz, Thompson and Gomez",Jenniferhaven,OR,96932,Chief Financial Officer,(696) 694-3305,mthurn@yahoo.com,uttermostbars,s5[8m/P.
Hemp Fiber,Katelyn Shields,"Sanders, Perkins and Deleon",Lake Kristy,MD,58522,Chief Cultivator,(441) 381-1095,trieuvan@mac.com,termitespoke,jcV8B+V%