Hemp keyword searched,Hemp product descriptors,Search location by U.S. based town,Search location by U.S. based state,Search location by U.S. based zip code
hemp clothing,cold-pressed,Franklin,NC,68555
hemp seeds,"pure, full spectrum",Georgetown,MI,84116
hemp seeds,"sustainable, raw, non-GMO",Arlington,CA,96137
hemp clothing,"organic, sustainable, gluten-free",Clinton,CA,61495
hemp clothing,sustainable,Riverside,MI,61688
hemp clothing,organic,Fairview,NY,58659
hemp protein,"vegan, sustainable",Greenville,NC,20198
hemp seeds,"cold-pressed, non-GMO",Arlington,TX,71583
hemp seeds,"cold-pressed, gluten-free, vegan",Franklin,NC,99165
hemp lotion,"full spectrum, sustainable, cold-pressed",Madison,MI,31389
hemp protein,non-GMO,Georgetown,IL,85308
hemp lotion,"sustainable, full spectrum",Bristol,MI,47521
hemp clothing,"cold-pressed, gluten-free",Madison,FL,25202
hemp seeds,"vegan, organic",Bristol,OH,95944
hemp lotion,"sustainable, raw",Franklin,GA,56302
hemp clothing,"sustainable, non-GMO",Bristol,PA,27043
hemp protein,"pure, cold-pressed",Greenville,MI,17763
hemp oil,"organic, natural",Greenville,NC,90653
hemp seeds,organic,Georgetown,CA,35180
hemp seeds,"natural, pure",Riverside,MI,47149
hemp lotion,"pure, natural",Arlington,IL,64466
hemp seeds,"non-GMO, natural",Madison,NC,99600
hemp oil,"pure, full spectrum, vegan",Fairview,TX,91168
hemp protein,"raw, organic, full spectrum",Fairview,GA,62006
hemp oil,"full spectrum, sustainable, natural",Arlington,NC,39461
hemp oil,"raw, non-GMO, sustainable",Bristol,NC,20796
hemp seeds,"vegan, natural, full spectrum",Arlington,CA,28773
hemp protein,organic,Franklin,MI,57778
hemp protein,"sustainable, full spectrum, raw",Madison,MI,33533
hemp protein,"raw, natural, full spectrum",Springfield,IL,87526
hemp oil,gluten-free,Bristol,PA,88121
hemp lotion,"organic, raw, natural",Springfield,IL,12180
hemp clothing,"full spectrum, non-GMO",Franklin,IL,70944
hemp clothing,non-GMO,Fairview,NY,40386
hemp oil,vegan,Franklin,FL,64175
hemp protein,"vegan, raw",Fairview,NC,24079
hemp seeds,gluten-free,Springfield,IL,71798
hemp clothing,"non-GMO, raw",Springfield,FL,20870
hemp oil,"sustainable, vegan",Springfield,NY,67028
hemp clothing,natural,Clinton,NY,74238
hemp lotion,"pure, raw",Madison,MI,93916
hemp protein,"pure, raw, cold-pressed",Bristol,MI,22594
hemp seeds,"pure, non-GMO, vegan",Fairview,MI,13374
hemp oil,"cold-pressed, non-GMO, sustainable",Fairview,CA,57716
hemp clothing,organic,Riverside,FL,69013
hemp oil,"sustainable, vegan",Franklin,FL,42680
hemp lotion,"full spectrum, gluten-free",Franklin,FL,61434
hemp lotion,"non-GMO, gluten-free, raw",Greenville,NY,38222
hemp lotion,"gluten-free, cold-pressed",Franklin,OH,31270
hemp oil,full spectrum,Greenville,PA,72647
hemp lotion,"non-GMO, pure",Franklin,NC,11328
hemp oil,"natural, raw",Springfield,IL,98800
hemp clothing,non-GMO,Franklin,PA,92216
hemp protein,non-GMO,Georgetown,OH,80216
hemp lotion,"sustainable, raw, organic",Fairview,TX,78929
hemp clothing,"full spectrum, non-GMO",Riverside,NC,69703
hemp oil,full spectrum,Greenville,TX,93717
hemp clothing,"raw, natural, pure",Georgetown,NY,71019
hemp clothing,"gluten-free, full spectrum",Greenville,FL,80235
hemp seeds,"raw, non-GMO",Madison,FL,27849
hemp clothing,"cold-pressed, full spectrum, gluten-free",Springfield,NC,16924
hemp oil,"natural, cold-pressed",Franklin,TX,64237
hemp clothing,"non-GMO, vegan",Arlington,FL,83022
hemp clothing,"raw, full spectrum",Arlington,NC,35891
hemp protein,"vegan, raw",Greenville,FL,98959
hemp seeds,"natural, sustainable",Fairview,MI,34947
hemp clothing,"gluten-free, non-GMO, raw",Springfield,GA,92725
hemp clothing,"vegan, raw, full spectrum",Georgetown,NY,74135
hemp oil,"natural, vegan",Clinton,GA,71234
hemp clothing,"sustainable, vegan",Springfield,FL,95603
hemp seeds,sustainable,Bristol,NC,42028
hemp lotion,"organic, non-GMO, pure",Arlington,NC,13046
hemp seeds,"non-GMO, pure, vegan",Clinton,NC,34262
hemp seeds,"non-GMO, natural, raw",Bristol,GA,54509
hemp seeds,"natural, gluten-free, vegan",Franklin,CA,57294
hemp clothing,"vegan, pure, cold-pressed",Clinton,TX,37615
hemp clothing,"non-GMO, cold-pressed",Clinton,CA,19358
hemp oil,organic,Clinton,NC,41634
hemp lotion,"full spectrum, pure, natural",Georgetown,OH,13275
hemp protein,"gluten-free, sustainable",Franklin,GA,31082
hemp oil,organic,Franklin,MI,76320
hemp lotion,pure,Springfield,OH,44314
hemp clothing,"raw, cold-pressed",Springfield,PA,64080
hemp clothing,"natural, sustainable, vegan",Franklin,NC,49152
hemp seeds,"sustainable, natural, pure",Bristol,IL,98210
hemp seeds,"full spectrum, pure",Greenville,NY,37013
hemp protein,gluten-free,Springfield,CA,85928
hemp oil,organic,Fairview,TX,53056
hemp clothing,pure,Franklin,IL,75854
hemp lotion,"vegan, non-GMO",Franklin,TX,14908
hemp clothing,"pure, cold-pressed",Clinton,CA,26723
hemp clothing,natural,Greenville,IL,95535
hemp seeds,"non-GMO, gluten-free, full spectrum",Georgetown,NY,92085
hemp protein,"gluten-free, natural",Arlington,GA,79657
hemp clothing,raw,Greenville,FL,67482
hemp oil,"full spectrum, cold-pressed, natural",Fairview,FL,86734
hemp protein,"cold-pressed, full spectrum, organic",Riverside,TX,89378
hemp oil,"pure, natural, raw",Springfield,FL,50470
hemp lotion,"full spectrum, vegan, gluten-free",Clinton,GA,53287
hemp clothing,"raw, full spectrum, sustainable",Clinton,GA,75235
hemp oil,"pure, sustainable, non-GMO",Riverside,TX,87631
hemp oil,non-GMO,Georgetown,NY,52719
hemp oil,"pure, organic",Arlington,IL,23015
hemp lotion,pure,Madison,GA,40703
hemp seeds,"gluten-free, vegan, organic",Bristol,TX,26087
hemp oil,"pure, cold-pressed, full spectrum",Greenville,OH,25377
hemp lotion,"vegan, sustainable, natural",Franklin,NY,54303
hemp oil,non-GMO,Clinton,IL,49675
hemp clothing,"gluten-free, non-GMO, natural",Fairview,GA,82835
hemp protein,non-GMO,Arlington,OH,79441
hemp protein,pure,Springfield,OH,61567
hemp protein,"vegan, natural",Georgetown,NC,55519
hemp oil,"organic, natural, raw",Bristol,OH,49196
hemp seeds,cold-pressed,Springfield,NC,69762
hemp clothing,"cold-pressed, pure, vegan",Greenville,OH,75408
hemp clothing,"cold-pressed, raw",Greenville,FL,53390
hemp oil,organic,Riverside,OH,13504
hemp lotion,"non-GMO, sustainable, pure",Georgetown,MI,99000
hemp clothing,vegan,Riverside,PA,82204
hemp protein,"pure, full spectrum",Madison,TX,73513
hemp oil,"vegan, cold-pressed, sustainable",Arlington,NC,81308
hemp seeds,cold-pressed,Georgetown,IL,63099
hemp lotion,cold-pressed,Springfield,OH,60381
hemp oil,"pure, organic",Clinton,IL,29294
hemp protein,"full spectrum, cold-pressed, natural",Springfield,CA,35440
hemp seeds,"raw, organic",Franklin,OH,98904
hemp oil,"raw, natural, pure",Greenville,TX,58733
hemp seeds,"organic, full spectrum",Madison,FL,21625
hemp lotion,vegan,Madison,CA,18999
hemp lotion,"gluten-free, pure, natural",Arlington,NY,52486
hemp protein,"gluten-free, organic",Greenville,IL,78811
hemp lotion,raw,Madison,FL,59642
hemp protein,"natural, vegan",Arlington,FL,28969
hemp oil,sustainable,Springfield,FL,82333
hemp oil,sustainable,Springfield,GA,48089
hemp oil,"full spectrum, pure",Riverside,IL,43845
hemp oil,"raw, sustainable",Greenville,MI,63580
hemp seeds,sustainable,Georgetown,PA,93405
hemp seeds,"organic, vegan",Springfield,TX,71732
hemp seeds,"natural, cold-pressed",Bristol,NC,59720
hemp clothing,full spectrum,Riverside,TX,57154
hemp protein,"cold-pressed, non-GMO, pure",Riverside,TX,14348
hemp seeds,gluten-free,Bristol,IL,80017
hemp lotion,"sustainable, raw, vegan",Riverside,GA,99365
hemp clothing,natural,Clinton,IL,70974
hemp seeds,"non-GMO, vegan, raw",Riverside,MI,24858
hemp oil,organic,Madison,PA,41892
hemp protein,"cold-pressed, pure",Franklin,PA,87817
hemp protein,"sustainable, full spectrum",Clinton,PA,62466
hemp clothing,"gluten-free, non-GMO, cold-pressed",Georgetown,NC,36547
hemp protein,"non-GMO, pure, full spectrum",Bristol,NC,77071
hemp seeds,"non-GMO, sustainable, gluten-free",Clinton,NC,59593
hemp protein,"raw, non-GMO",Riverside,FL,57804
hemp clothing,natural,Clinton,MI,83793
hemp clothing,pure,Franklin,PA,81085
hemp clothing,"full spectrum, sustainable, pure",Arlington,TX,71462
hemp lotion,natural,Bristol,OH,74353
hemp lotion,"sustainable, non-GMO",Franklin,NY,18247
hemp protein,"pure, vegan",Madison,NC,30172
hemp oil,"full spectrum, gluten-free, cold-pressed",Franklin,GA,48617
hemp protein,"full spectrum, non-GMO, gluten-free",Franklin,OH,26094
hemp protein,"vegan, cold-pressed, natural",Georgetown,MI,68421
hemp seeds,pure,Fairview,OH,95305
hemp lotion,cold-pressed,Franklin,FL,45312
hemp protein,"cold-pressed, full spectrum, raw",Fairview,CA,57514
hemp clothing,sustainable,Fairview,IL,47025
hemp oil,pure,Greenville,CA,43376
hemp lotion,"non-GMO, raw, natural",Georgetown,GA,80867
hemp oil,"sustainable, raw, vegan",Riverside,GA,65370
hemp seeds,pure,Fairview,NC,29965
hemp clothing,"non-GMO, gluten-free",Franklin,IL,93428
hemp oil,"natural, gluten-free, raw",Georgetown,TX,22984
hemp lotion,"full spectrum, gluten-free",Greenville,NC,35958
hemp clothing,"vegan, organic, cold-pressed",Madison,FL,90189
hemp lotion,pure,Riverside,IL,65412
hemp seeds,"cold-pressed, natural, raw",Georgetown,GA,12646
hemp seeds,"non-GMO, gluten-free, sustainable",Georgetown,FL,70505
hemp seeds,"cold-pressed, vegan",Greenville,NC,70093
hemp lotion,"non-GMO, natural, sustainable",Georgetown,OH,27103
hemp clothing,"cold-pressed, full spectrum",Georgetown,NC,80755
hemp oil,"sustainable, organic, non-GMO",Riverside,FL,70008
hemp oil,"vegan, gluten-free",Greenville,OH,28891
hemp oil,gluten-free,Fairview,NY,31875
hemp lotion,"full spectrum, organic, gluten-free",Clinton,NY,19466
hemp lotion,"organic, vegan",Bristol,FL,19630
hemp oil,sustainable,Clinton,NC,36908
hemp protein,"pure, cold-pressed",Arlington,PA,41773
hemp oil,non-GMO,Riverside,FL,43190
hemp lotion,natural,Springfield,CA,87900
hemp oil,"gluten-free, sustainable, vegan",Clinton,CA,97202
hemp clothing,"sustainable, organic, gluten-free",Bristol,IL,31748
hemp oil,"gluten-free, non-GMO, sustainable",Arlington,CA,10036
hemp oil,sustainable,Madison,CA,71439
hemp clothing,"pure, cold-pressed, gluten-free",Fairview,PA,28778
hemp protein,"pure, gluten-free, full spectrum",Fairview,OH,89922
hemp protein,"full spectrum, pure",Georgetown,NC,34076
hemp clothing,"sustainable, cold-pressed",Arlington,MI,84319
hemp oil,"cold-pressed, raw, pure",Georgetown,GA,76687
hemp oil,"gluten-free, pure",Clinton,NC,23652
hemp seeds,"organic, natural",Springfield,NC,24383